extension,name,description,tech,dial,secret,callwaiting_enable,findmefollow_enabled,findmefollow_grplist,languages_language,voicemail_enable,voicemail_vmpwd,voicemail_email,voicemail_options
200,"Scott Griepentrog","Scott Griepentrog",pjsip,PJSIP/200,12341234,ENABLED,,,,,,,
201,"Blanca Marquardt","Blanca Marquardt",pjsip,PJSIP/201,d69d2acb5ef8b2691c840c33220fa4d6,ENABLED,,,,,,,
202,"Kris Marquardt","Kris Marquardt",pjsip,PJSIP/202,690b0cc4eecf44415853dccbfdf410c5,ENABLED,,,,,,,
203,"Claire Moore","Claire Moore",pjsip,PJSIP/203,58ab9efdc1440122877b4ce9fbce1aac,ENABLED,,,,,,,
204,"Cheyanne Jerde","Cheyanne Jerde",pjsip,PJSIP/204,60330f795a5a0282a5c768a92929bf65,ENABLED,,,,,,,
205,"Kaden Pagac","Kaden Pagac",pjsip,PJSIP/205,bbe862903eed4a5b378f797c785b4989,ENABLED,,,,,,,
206,"Georgianna Kuvalis","Georgianna Kuvalis",pjsip,PJSIP/206,0562f27c7f024bccdc6d306ef7e6981f,ENABLED,,,,,,,
207,"Jason Wolf","Jason Wolf",pjsip,PJSIP/207,39e1a44e146e60c9c37c0a2533b9dac9,ENABLED,,,,,,,
208,"Taurean Dicki","Taurean Dicki",pjsip,PJSIP/208,4fa27c6bac214da7af61bc85322f5a8f,ENABLED,,,,,,,
209,"Antonetta Bartell","Antonetta Bartell",pjsip,PJSIP/209,3c9277f45e8835f96673f660fc6f3464,ENABLED,,,,,,,
210,"Yessenia Price","Yessenia Price",pjsip,PJSIP/210,7acad7bc0e8c2c9e8eb9ee0a5e75c2cd,ENABLED,,,,,,,
211,"Cleta Nienow","Cleta Nienow",pjsip,PJSIP/211,36bcafddf12b7d4ac8c68cdb71662d8b,ENABLED,,,,,,,
212,"Eva Powlowski","Eva Powlowski",pjsip,PJSIP/212,949c0d928741d86a2745b525e4394620,ENABLED,,,,,,,
213,"Florian Goyette","Florian Goyette",pjsip,PJSIP/213,900dec9aff46cc8c832541988b23ef5b,ENABLED,,,,,,,
214,"Silas Cummerata","Silas Cummerata",pjsip,PJSIP/214,860f8c58835363172a1e1180ceae8dad,ENABLED,,,,,,,
215,"Lavina Bahringer","Lavina Bahringer",pjsip,PJSIP/215,3194f1a59d492f1bc29fe85e21e04628,ENABLED,,,,,,,
216,"Marcel Conroy","Marcel Conroy",pjsip,PJSIP/216,329a0b1e57ee106f3ed5ac60c0c4bcb1,ENABLED,,,,,,,
217,"Janessa Kling","Janessa Kling",pjsip,PJSIP/217,a604c0e1c54a7b85649c8a583ff3bfaf,ENABLED,,,,,,,
218,"Effie Ward","Effie Ward",pjsip,PJSIP/218,a74e9f02b3bc0672e8e672f5736761d3,ENABLED,,,,,,,
219,"Rylee Kozey","Rylee Kozey",pjsip,PJSIP/219,b4e9dda8a33467d9c652f06a389eefae,ENABLED,,,,,,,
220,"Alysson Feil","Alysson Feil",pjsip,PJSIP/220,7e08ed6f2d968ed8e040825ee0baf87c,ENABLED,,,,,,,
221,"Natalia Fay","Natalia Fay",pjsip,PJSIP/221,ae488c8e1c90a74d2fcf7823a20629ab,ENABLED,,,,,,,
222,"Pat Macejkovic","Pat Macejkovic",pjsip,PJSIP/222,46ccaa1765e350b8b70a49e55aa6db4a,ENABLED,,,,,,,
223,"Elmore Pacocha","Elmore Pacocha",pjsip,PJSIP/223,f68ba77a384fa3409cf1b95fdb7d7365,ENABLED,,,,,,,
224,"Alba Dach","Alba Dach",pjsip,PJSIP/224,b4368fd0e33c43e82d6260f719fd768d,ENABLED,,,,,,,
225,"Raheem Lemke","Raheem Lemke",pjsip,PJSIP/225,ef57232167c9bb6b501aea245992eac1,ENABLED,,,,,,,
226,"Tressie Kuhic","Tressie Kuhic",pjsip,PJSIP/226,305fa7b67c4509806719d6f0153ab5ce,ENABLED,,,,,,,
227,"Diego Jacobi","Diego Jacobi",pjsip,PJSIP/227,52c5f3b7107b1b146fd2627c557d0c04,ENABLED,,,,,,,
228,"Sigurd Purdy","Sigurd Purdy",pjsip,PJSIP/228,b523e75b6f99c5fd5d3c561e5208dfe2,ENABLED,,,,,,,
229,"Sigurd Stroman","Sigurd Stroman",pjsip,PJSIP/229,43bd76b1f5c8bf5360550aecd0bef5ef,ENABLED,,,,,,,
230,"Neva Powlowski","Neva Powlowski",pjsip,PJSIP/230,c6ea8f6bbf677313a4bd332012aaa4e7,ENABLED,,,,,,,
231,"Maegan Moen","Maegan Moen",pjsip,PJSIP/231,afa243a28391103e2c255de2ee4ce306,ENABLED,,,,,,,
232,"Frida Kuhlman","Frida Kuhlman",pjsip,PJSIP/232,253fa07770809f56ce1dae7d5800a080,ENABLED,,,,,,,
233,"Flossie Pfeffer","Flossie Pfeffer",pjsip,PJSIP/233,132a4b182f8af80e7682ce8a3607d8ca,ENABLED,,,,,,,
234,"Darby Casper","Darby Casper",pjsip,PJSIP/234,de8ac05048d0f1d2ade0532fb2e6c7ef,ENABLED,,,,,,,
235,"Vernon Denesik","Vernon Denesik",pjsip,PJSIP/235,0e7dece132b7a9f82ffdbf6feb542c38,ENABLED,,,,,,,
236,"Xander Runolfsson","Xander Runolfsson",pjsip,PJSIP/236,a51e7d5b8f520341452086b173724898,ENABLED,,,,,,,
237,"Reynold Hauck","Reynold Hauck",pjsip,PJSIP/237,5b52ec9cbfde5c19808dc434a8aba83d,ENABLED,,,,,,,
238,"Danny Jaskolski","Danny Jaskolski",pjsip,PJSIP/238,745e5cea833998ab305861ca72de186d,ENABLED,,,,,,,
239,"Maureen Friesen","Maureen Friesen",pjsip,PJSIP/239,eed5a7719efc13522c8de6dbec6f625a,ENABLED,,,,,,,
240,"Lydia Waters","Lydia Waters",pjsip,PJSIP/240,14d9471bbeeeabab096abe0d6ff29b7a,ENABLED,,,,,,,
241,"Amara Carter","Amara Carter",pjsip,PJSIP/241,4b64a94366920378bde819e545fdfb5d,ENABLED,,,,,,,
242,"Taurean Nolan","Taurean Nolan",pjsip,PJSIP/242,61fc9203619b81231925f73f83b01f8b,ENABLED,,,,,,,
243,"Justine Schulist","Justine Schulist",pjsip,PJSIP/243,7dc89a16ac6e500e1e55ee8b2c6500b4,ENABLED,,,,,,,
244,"Aracely Bode","Aracely Bode",pjsip,PJSIP/244,af9477bcf3c50ccbed61eb001c5991d2,ENABLED,,,,,,,
245,"Madelyn Krajcik","Madelyn Krajcik",pjsip,PJSIP/245,d1a2092c7becee3e045a52a6bdbebfc0,ENABLED,,,,,,,
246,"Greta Pfannerstill","Greta Pfannerstill",pjsip,PJSIP/246,8467a8c83a412f9bf7039c0131c388cc,ENABLED,,,,,,,
247,"Eldora Raynor","Eldora Raynor",pjsip,PJSIP/247,7d1589aeac95a42903b0a80f9038a699,ENABLED,,,,,,,
248,"Elissa Hermann","Elissa Hermann",pjsip,PJSIP/248,a0d074e5b877fe4551f2a3bc117003bc,ENABLED,,,,,,,
249,"Stuart Rempel","Stuart Rempel",pjsip,PJSIP/249,0e4a395b8fcb0b6329777d4475f5b9f6,ENABLED,,,,,,,
250,"Orie Welch","Orie Welch",pjsip,PJSIP/250,a2d6dc276505e8391afd49db599252eb,ENABLED,,,,,,,
251,"Samir Buckridge","Samir Buckridge",pjsip,PJSIP/251,7b91a90dd2843f00d114c34a1bd73b12,ENABLED,,,,,,,
252,"Bobbie Barrows","Bobbie Barrows",pjsip,PJSIP/252,5a404c35b34d130276dfb93b6cdb5476,ENABLED,,,,,,,
253,"Ladarius Hegmann","Ladarius Hegmann",pjsip,PJSIP/253,bca79c6e6f2b6b0405605a80986083fc,ENABLED,,,,,,,
254,"Marisa Ortiz","Marisa Ortiz",pjsip,PJSIP/254,bdd6e6203bc4c08fdc08b923b8763b49,ENABLED,,,,,,,
255,"Marilou Waelchi","Marilou Waelchi",pjsip,PJSIP/255,d30408d3b7d9a8125a968c260cf1f37f,ENABLED,,,,,,,
256,"Sallie Grant","Sallie Grant",pjsip,PJSIP/256,1a24eac90237ec7870fa402debab1106,ENABLED,,,,,,,
257,"Rosetta Cassin","Rosetta Cassin",pjsip,PJSIP/257,834177b6d1fc1d0001fbf061270ec589,ENABLED,,,,,,,
258,"Makayla Kilback","Makayla Kilback",pjsip,PJSIP/258,3a003dd88c942982465ecdec7d24980d,ENABLED,,,,,,,
259,"Nannie Huel","Nannie Huel",pjsip,PJSIP/259,ab2aab930f8ff902b3342925d583f4eb,ENABLED,,,,,,,
260,"Kailyn Ledner","Kailyn Ledner",pjsip,PJSIP/260,5805752f8790bc75607fdcf5a2d63687,ENABLED,,,,,,,
261,"Jeramie Reynolds","Jeramie Reynolds",pjsip,PJSIP/261,ea005c708daa625a1dee4f5dbc14b6ce,ENABLED,,,,,,,
262,"Cecil Nikolaus","Cecil Nikolaus",pjsip,PJSIP/262,2b8b6ba85ff1d6e9c58d85e8e67494b7,ENABLED,,,,,,,
263,"Francisco Christiansen","Francisco Christiansen",pjsip,PJSIP/263,76958655df87df07e4e5109a45147530,ENABLED,,,,,,,
264,"Nedra Beier","Nedra Beier",pjsip,PJSIP/264,ebe49952d42fb66653d2e8e096ea8475,ENABLED,,,,,,,
265,"Celine Bernhard","Celine Bernhard",pjsip,PJSIP/265,340d5b7243833769a794b2c791a4f912,ENABLED,,,,,,,
266,"Hailey Wunsch","Hailey Wunsch",pjsip,PJSIP/266,de2dcb336a160107845254370f1c930a,ENABLED,,,,,,,
267,"Bette Rath","Bette Rath",pjsip,PJSIP/267,833cc3fece580dfc9c27f553ff0abe89,ENABLED,,,,,,,
268,"Verdie Veum","Verdie Veum",pjsip,PJSIP/268,357cf96475f642c0bfaa67c9a3ef7e55,ENABLED,,,,,,,
269,"Llewellyn Vandervort","Llewellyn Vandervort",pjsip,PJSIP/269,b33d02e37135531a423b274578e05120,ENABLED,,,,,,,
270,"Ward Vandervort","Ward Vandervort",pjsip,PJSIP/270,b5ce42d1c5489cdb38715251db662ee0,ENABLED,,,,,,,
271,"Eulalia Dicki","Eulalia Dicki",pjsip,PJSIP/271,a1fa154328f297ffded4fba5503e150a,ENABLED,,,,,,,
272,"Regan Casper","Regan Casper",pjsip,PJSIP/272,e2820d823ec9163d258af10cd0a4bb0e,ENABLED,,,,,,,
273,"Magnolia Quitzon","Magnolia Quitzon",pjsip,PJSIP/273,e8f044fbd9256c36558b1f5b0888aa11,ENABLED,,,,,,,
274,"Diego Gusikowski","Diego Gusikowski",pjsip,PJSIP/274,a8a48bc327cdb33a93615b91988ae4ee,ENABLED,,,,,,,
275,"Armani Fadel","Armani Fadel",pjsip,PJSIP/275,813d614698bfe52ceb55dd1ec01da985,ENABLED,,,,,,,
276,"Tevin Schroeder","Tevin Schroeder",pjsip,PJSIP/276,f5a32a85bc89c5d8625598fc0647813c,ENABLED,,,,,,,
277,"Madalyn Yundt","Madalyn Yundt",pjsip,PJSIP/277,8ab9cbd856c6ab8893de3d133d8799e2,ENABLED,,,,,,,
278,"Olin Murphy","Olin Murphy",pjsip,PJSIP/278,03cbfa31b17e538427dbfbc8ffc05430,ENABLED,,,,,,,
279,"Marques Corkery","Marques Corkery",pjsip,PJSIP/279,55cbebbd566e2922bda45f8d9639fb64,ENABLED,,,,,,,
280,"Ashleigh Schulist","Ashleigh Schulist",pjsip,PJSIP/280,b320dbde61d212ec65db49abaa3ec7a8,ENABLED,,,,,,,
281,"Emerson Ritchie","Emerson Ritchie",pjsip,PJSIP/281,f26e5de40a527a36b72d687578bee996,ENABLED,,,,,,,
282,"Nickolas Bernhard","Nickolas Bernhard",pjsip,PJSIP/282,ffed392b215b7496428aaf4357c8cb78,ENABLED,,,,,,,
283,"Brady Conn","Brady Conn",pjsip,PJSIP/283,5b207737bed0b289f79eedfdf3045cae,ENABLED,,,,,,,
284,"Violette Stracke","Violette Stracke",pjsip,PJSIP/284,296c443c9ff1b98fdbbd7cb998e4a36b,ENABLED,,,,,,,
285,"Unique Casper","Unique Casper",pjsip,PJSIP/285,16b98f075c85bd9bf8cd2528e615e504,ENABLED,,,,,,,
286,"Melany Schuppe","Melany Schuppe",pjsip,PJSIP/286,436018a868dfe0d2d5e674b45f3958e5,ENABLED,,,,,,,
287,"Ashton Ondricka","Ashton Ondricka",pjsip,PJSIP/287,28d40f3d38c69a1325f6ebff93cee51c,ENABLED,,,,,,,
288,"Vida Nitzsche","Vida Nitzsche",pjsip,PJSIP/288,f128297f42f73b503be2046cab28d1ab,ENABLED,,,,,,,
289,"Lily VonRueden","Lily VonRueden",pjsip,PJSIP/289,8570b29e71a2695333f331ccc0da3aff,ENABLED,,,,,,,
290,"Ima Oberbrunner","Ima Oberbrunner",pjsip,PJSIP/290,b85a11a299229b33714df567259446c1,ENABLED,,,,,,,
291,"Edd Wyman","Edd Wyman",pjsip,PJSIP/291,e8d7a634f3e3bcde4eeae88492ca46e8,ENABLED,,,,,,,
292,"Soledad Hermiston","Soledad Hermiston",pjsip,PJSIP/292,1d523aa4fc1210e814e4650e4715e9de,ENABLED,,,,,,,
293,"Aryanna Dickinson","Aryanna Dickinson",pjsip,PJSIP/293,3e902f24aeec2b8231b7ef90081bc4f5,ENABLED,,,,,,,
294,"Naomie Skiles","Naomie Skiles",pjsip,PJSIP/294,5085a66394fb88712f86268ca230d089,ENABLED,,,,,,,
295,"Elda Hammes","Elda Hammes",pjsip,PJSIP/295,86657fb6c6c601a187d0ac3ab849777f,ENABLED,,,,,,,
296,"Bernadine Howe","Bernadine Howe",pjsip,PJSIP/296,0ffca7061dceb719605dfdbf9078ca5c,ENABLED,,,,,,,
297,"Abraham Mitchell","Abraham Mitchell",pjsip,PJSIP/297,f58780758a3a8978fddb29006d86d8b4,ENABLED,,,,,,,
298,"May Heller","May Heller",pjsip,PJSIP/298,24367ef51c7b2d3303a8d901f4344f6c,ENABLED,,,,,,,
299,"Delia Crooks","Delia Crooks",pjsip,PJSIP/299,bf103b91d784f5e67a4bda945af1dbe8,ENABLED,,,,,,,
300,"Hermann Simonis","Hermann Simonis",pjsip,PJSIP/300,252e0e27763b09acf972ed60673476f0,ENABLED,,,,,,,
301,"Verla Heller","Verla Heller",pjsip,PJSIP/301,9d498d582772b0ce32f392ba6b778c87,ENABLED,,,,,,,
302,"Bennett Purdy","Bennett Purdy",pjsip,PJSIP/302,87812b955163c5e7d086bf67b671146f,ENABLED,,,,,,,
303,"Rachel Pagac","Rachel Pagac",pjsip,PJSIP/303,8f2f69bdcce5c1839ac3cc99776f148e,ENABLED,,,,,,,
304,"Minnie Kilback","Minnie Kilback",pjsip,PJSIP/304,fa91fb40a08830ac36e1e4e38c8e7b5e,ENABLED,,,,,,,
305,"Ramona Kirlin","Ramona Kirlin",pjsip,PJSIP/305,f89b8644a489d8add3abcbf82d841185,ENABLED,,,,,,,
306,"Felicia Block","Felicia Block",pjsip,PJSIP/306,37240551d769b00a5ae98a88a2c95347,ENABLED,,,,,,,
307,"Levi Corwin","Levi Corwin",pjsip,PJSIP/307,c9f8c0e726ab69722b2cace7298eccce,ENABLED,,,,,,,
308,"Nico Skiles","Nico Skiles",pjsip,PJSIP/308,b5a5e1e4e6d4dfa53dd244a4c482d0f0,ENABLED,,,,,,,
309,"Shannon Johns","Shannon Johns",pjsip,PJSIP/309,4e057d9f177f767f166ae398d79f76f1,ENABLED,,,,,,,
310,"Hayden O'Reilly","Hayden O'Reilly",pjsip,PJSIP/310,c9e11aca219b6c5b650a3cbec4f8ef36,ENABLED,,,,,,,
311,"Devin Murphy","Devin Murphy",pjsip,PJSIP/311,e5b0323d646f660831497038a1e7014d,ENABLED,,,,,,,
312,"Okey Bernhard","Okey Bernhard",pjsip,PJSIP/312,5448dd2b92e33450a738542b10762ac8,ENABLED,,,,,,,
313,"Sterling Simonis","Sterling Simonis",pjsip,PJSIP/313,b3fa5c5a40e9092459bfb4186d8c9ca8,ENABLED,,,,,,,
314,"Rickie Barrows","Rickie Barrows",pjsip,PJSIP/314,b1eb71e81c158b68ad82a6c9f4873ee7,ENABLED,,,,,,,
315,"Obie Keeling","Obie Keeling",pjsip,PJSIP/315,e1592f7c8710953010f0c006f185049f,ENABLED,,,,,,,
316,"Jose Mohr","Jose Mohr",pjsip,PJSIP/316,8373cf76497513965fda726738f6c229,ENABLED,,,,,,,
317,"Jordane Cronin","Jordane Cronin",pjsip,PJSIP/317,f1642e2200a145b5e6633a8a4494cf5c,ENABLED,,,,,,,
318,"Kayli Gutmann","Kayli Gutmann",pjsip,PJSIP/318,cc7257076dc77edf9840387d45b51e98,ENABLED,,,,,,,
319,"Maryse Daugherty","Maryse Daugherty",pjsip,PJSIP/319,15b7758959ce8b3575cb01da35d9d89a,ENABLED,,,,,,,
320,"Linnea Wehner","Linnea Wehner",pjsip,PJSIP/320,2eddfcb6093399cb68391cd169c4bb87,ENABLED,,,,,,,
321,"Clare Franecki","Clare Franecki",pjsip,PJSIP/321,1221eee5f6587d628e1fcc0c7c78b7cd,ENABLED,,,,,,,
322,"Leopoldo Baumbach","Leopoldo Baumbach",pjsip,PJSIP/322,90097bc26d95ca1bc7232ad869fa379c,ENABLED,,,,,,,
323,"Arlo Pfeffer","Arlo Pfeffer",pjsip,PJSIP/323,c3af3ae095d889f3413183ea79a2da95,ENABLED,,,,,,,
324,"Dusty Abshire","Dusty Abshire",pjsip,PJSIP/324,65157b960403b613187fdcc5fbffed6d,ENABLED,,,,,,,
325,"Blanche Goodwin","Blanche Goodwin",pjsip,PJSIP/325,94beda24ffbb799ec8449d1c55a9c812,ENABLED,,,,,,,
326,"Lavern Ratke","Lavern Ratke",pjsip,PJSIP/326,10d43bace2e79ed1dc33246ce19e2208,ENABLED,,,,,,,
327,"Terence Hagenes","Terence Hagenes",pjsip,PJSIP/327,2cac65951c7ba974d8d3d72a15ae6bc5,ENABLED,,,,,,,
328,"Gertrude Collier","Gertrude Collier",pjsip,PJSIP/328,b16360f232c68902aca363771df7dda9,ENABLED,,,,,,,
329,"Ashly Watsica","Ashly Watsica",pjsip,PJSIP/329,539fd4e3325c00630d0690225244e381,ENABLED,,,,,,,
330,"Dustin Macejkovic","Dustin Macejkovic",pjsip,PJSIP/330,984a29a45114a12a7f976ce4374f85fe,ENABLED,,,,,,,
331,"Lura Wilkinson","Lura Wilkinson",pjsip,PJSIP/331,8b7fb3d2264d6d1159cbb22707808b97,ENABLED,,,,,,,
332,"Dagmar Zulauf","Dagmar Zulauf",pjsip,PJSIP/332,53726888717cad1ae80151d36b09b2c7,ENABLED,,,,,,,
333,"Zackary Yost","Zackary Yost",pjsip,PJSIP/333,90d39113b2663910ed4f4e12a4ca9fc7,ENABLED,,,,,,,
334,"Max Cassin","Max Cassin",pjsip,PJSIP/334,a53941cab59ea090b96320a040d11c23,ENABLED,,,,,,,
335,"Kurtis Kohler","Kurtis Kohler",pjsip,PJSIP/335,5ccf90da4c25231fc8a909f28c4e1604,ENABLED,,,,,,,
336,"Mittie Runte","Mittie Runte",pjsip,PJSIP/336,a65284ae1d8bfcb7a77f33e7419d8042,ENABLED,,,,,,,
337,"Stevie Harvey","Stevie Harvey",pjsip,PJSIP/337,f94a74bf7924599518d0940b43a2729c,ENABLED,,,,,,,
338,"Kevin Nikolaus","Kevin Nikolaus",pjsip,PJSIP/338,9e684a03fb428bc8794b0b6f93e66c6c,ENABLED,,,,,,,
339,"Sydnee Baumbach","Sydnee Baumbach",pjsip,PJSIP/339,deed8122327200ac281981c33adddcf5,ENABLED,,,,,,,
340,"Alanis Vandervort","Alanis Vandervort",pjsip,PJSIP/340,6129157a2a5725f2e78b47b66ddf651d,ENABLED,,,,,,,
341,"Shannon Orn","Shannon Orn",pjsip,PJSIP/341,42c3064cf7f260d78c95f2693e16445d,ENABLED,,,,,,,
342,"Dusty Kris","Dusty Kris",pjsip,PJSIP/342,d4693f32e2c7ba766b3a493f485fc85b,ENABLED,,,,,,,
343,"Minerva Stracke","Minerva Stracke",pjsip,PJSIP/343,186ff13031d3a3462a439d67ce1ecba9,ENABLED,,,,,,,
344,"Cristobal Dietrich","Cristobal Dietrich",pjsip,PJSIP/344,06d6326e5ca7b240ad9d94091b46a2fd,ENABLED,,,,,,,
345,"Bridget Morar","Bridget Morar",pjsip,PJSIP/345,87735f29a7b74db71338a47c28220979,ENABLED,,,,,,,
346,"Jasen Veum","Jasen Veum",pjsip,PJSIP/346,3067c53f0ffd9fb32e1c574d035f5015,ENABLED,,,,,,,
347,"Jamison Stokes","Jamison Stokes",pjsip,PJSIP/347,1ac43635ccdfb4d7d65aca11f776ab39,ENABLED,,,,,,,
348,"Keeley Bednar","Keeley Bednar",pjsip,PJSIP/348,806be3f33ad28135dd757aa577c66a87,ENABLED,,,,,,,
349,"Clovis Emard","Clovis Emard",pjsip,PJSIP/349,da73c9acdf3fb7fda9ebb637bc528dec,ENABLED,,,,,,,
350,"Darren Russel","Darren Russel",pjsip,PJSIP/350,c70a8be841d9e3afdd9088e314865193,ENABLED,,,,,,,
351,"Marguerite Waelchi","Marguerite Waelchi",pjsip,PJSIP/351,701c144cde651edebdc42b3a7fdb4d77,ENABLED,,,,,,,
352,"Jovani Jakubowski","Jovani Jakubowski",pjsip,PJSIP/352,836ce7d8fbd0e77f33c53b4372aed580,ENABLED,,,,,,,
353,"Sabrina Dickinson","Sabrina Dickinson",pjsip,PJSIP/353,dfd47df3dc5c72c9edb390881141c435,ENABLED,,,,,,,
354,"Vidal Strosin","Vidal Strosin",pjsip,PJSIP/354,5ed38f1a5f610c991714f2257c37c79e,ENABLED,,,,,,,
355,"Wilma Balistreri","Wilma Balistreri",pjsip,PJSIP/355,e5cc841feb8502a95505dff7e9a76ad7,ENABLED,,,,,,,
356,"Erick Schamberger","Erick Schamberger",pjsip,PJSIP/356,684c284c7d798e5a6174238566fc69a3,ENABLED,,,,,,,
357,"Carolina Lebsack","Carolina Lebsack",pjsip,PJSIP/357,cf0f68560dfa313e84bddaa869de94ee,ENABLED,,,,,,,
358,"Mathew Barrows","Mathew Barrows",pjsip,PJSIP/358,6a2d7ba7c9c718f0e1d1d83dd41d1eaa,ENABLED,,,,,,,
359,"Finn Zulauf","Finn Zulauf",pjsip,PJSIP/359,98a091930470eaf06153bb613cc49a74,ENABLED,,,,,,,
360,"Kamille Kuhic","Kamille Kuhic",pjsip,PJSIP/360,0326c4a5cf734da1e773b1e1a8374e60,ENABLED,,,,,,,
361,"Rosalinda Lueilwitz","Rosalinda Lueilwitz",pjsip,PJSIP/361,e4420d8e58b2f116b783562f8eeda686,ENABLED,,,,,,,
362,"Alessia Schowalter","Alessia Schowalter",pjsip,PJSIP/362,8119fa4cdac03990f2ab779c9156ee93,ENABLED,,,,,,,
363,"Lucie Blanda","Lucie Blanda",pjsip,PJSIP/363,dc31d0a217805c1de231c92cb42d95d7,ENABLED,,,,,,,
364,"Rachel Turcotte","Rachel Turcotte",pjsip,PJSIP/364,0bb0699c9de4d074b6c25a8f5c1f8aef,ENABLED,,,,,,,
365,"Jakob Ondricka","Jakob Ondricka",pjsip,PJSIP/365,e5e1fc47ed830920e72098562106ce1a,ENABLED,,,,,,,
366,"Nelson West","Nelson West",pjsip,PJSIP/366,5cd26c159d0cd9020cb07099ec0c88a3,ENABLED,,,,,,,
367,"Candace Morar","Candace Morar",pjsip,PJSIP/367,8a7d47e73611a5b2c3550f79f84be712,ENABLED,,,,,,,
368,"Zula Jenkins","Zula Jenkins",pjsip,PJSIP/368,d49783dba445e6ff3d0e2d982f3b0271,ENABLED,,,,,,,
369,"Carolanne Collier","Carolanne Collier",pjsip,PJSIP/369,153ba6e0fe9e7dd6d7f496be033930b7,ENABLED,,,,,,,
370,"Elmer Hamill","Elmer Hamill",pjsip,PJSIP/370,22b7f8645ee15faadfc6b4ea6870fdc9,ENABLED,,,,,,,
371,"Verla Witting","Verla Witting",pjsip,PJSIP/371,c30da98891dba688c4147ee204815fa4,ENABLED,,,,,,,
372,"Taylor Yost","Taylor Yost",pjsip,PJSIP/372,4fef4017d34c3fdf8dc91728fbd3dca8,ENABLED,,,,,,,
373,"Rhiannon Rohan","Rhiannon Rohan",pjsip,PJSIP/373,9f8a559f8717fc9eae7e6aaddc995b2e,ENABLED,,,,,,,
374,"Kiera Cummerata","Kiera Cummerata",pjsip,PJSIP/374,6520ef5b457b9ee04f67619437716a61,ENABLED,,,,,,,
375,"Susana Wehner","Susana Wehner",pjsip,PJSIP/375,6abebbed29edcf4bad2c0c39fdd38b6e,ENABLED,,,,,,,
376,"Delphia Schaden","Delphia Schaden",pjsip,PJSIP/376,ebd1e91e87523af8f73228d321c2f4f5,ENABLED,,,,,,,
377,"Levi Collins","Levi Collins",pjsip,PJSIP/377,2a82a82c2c804a0fd9ff461f53635c30,ENABLED,,,,,,,
378,"Baby Hartmann","Baby Hartmann",pjsip,PJSIP/378,c12652dd41fbe9015b2c228002fb1256,ENABLED,,,,,,,
379,"Lionel Olson","Lionel Olson",pjsip,PJSIP/379,5c09fe2e56d7834324db86ab393c6965,ENABLED,,,,,,,
380,"Guiseppe Morar","Guiseppe Morar",pjsip,PJSIP/380,04fbe29c526eb551efa92de8c9509935,ENABLED,,,,,,,
381,"Ted Nolan","Ted Nolan",pjsip,PJSIP/381,dc491b43596af88edf3aaa016130a762,ENABLED,,,,,,,
382,"Madelyn Pagac","Madelyn Pagac",pjsip,PJSIP/382,a16df414889af557f8506cfbc29df61e,ENABLED,,,,,,,
383,"Wyman Gottlieb","Wyman Gottlieb",pjsip,PJSIP/383,2a6b663e6d2f2934e8710a3f5dd38e0e,ENABLED,,,,,,,
384,"Marc Ruecker","Marc Ruecker",pjsip,PJSIP/384,3b5ef4de1fe47bdd0837eb1ccc870f41,ENABLED,,,,,,,
385,"Raul Leuschke","Raul Leuschke",pjsip,PJSIP/385,4869bdb578924e22eadaa458a5966598,ENABLED,,,,,,,
386,"Gail Renner","Gail Renner",pjsip,PJSIP/386,ba35ef2c26096fceff01bff67b44153a,ENABLED,,,,,,,
387,"Stan Schroeder","Stan Schroeder",pjsip,PJSIP/387,89267f232e9e6c21aa9cb40da00e4da1,ENABLED,,,,,,,
388,"Santiago Kovacek","Santiago Kovacek",pjsip,PJSIP/388,ae39cc32b21da0fbdd8d672ce4771956,ENABLED,,,,,,,
389,"Jazmyn Ryan","Jazmyn Ryan",pjsip,PJSIP/389,922fe066681b5280ecb295d357363d5d,ENABLED,,,,,,,
390,"Arlene Tremblay","Arlene Tremblay",pjsip,PJSIP/390,4b199369f999ddf5c57cc2cd88f44aeb,ENABLED,,,,,,,
391,"Sydnee Conroy","Sydnee Conroy",pjsip,PJSIP/391,af8faaca9314d7ef27d69f12462ad5f9,ENABLED,,,,,,,
392,"Emil Lehner","Emil Lehner",pjsip,PJSIP/392,d9472281e809c66cd1454054178a5b38,ENABLED,,,,,,,
393,"Abdullah McKenzie","Abdullah McKenzie",pjsip,PJSIP/393,2dd75d71d4f87da4c0b645f1cff75a40,ENABLED,,,,,,,
394,"Anastacio Howe","Anastacio Howe",pjsip,PJSIP/394,400726936d1175a163f6903961c2a09d,ENABLED,,,,,,,
395,"Hal Steuber","Hal Steuber",pjsip,PJSIP/395,30051c41df3048a00d426e881b98cb65,ENABLED,,,,,,,
396,"Emerald Maggio","Emerald Maggio",pjsip,PJSIP/396,451a053a3ebc0f904525dfde4906a79a,ENABLED,,,,,,,
397,"Jaqueline Krajcik","Jaqueline Krajcik",pjsip,PJSIP/397,b2b93b0388870df107abbf79aa89919f,ENABLED,,,,,,,
398,"Paolo Langworth","Paolo Langworth",pjsip,PJSIP/398,1130ceb5d062611c66930b47a8a07fc8,ENABLED,,,,,,,
399,"Dolores Herzog","Dolores Herzog",pjsip,PJSIP/399,9b8aef382af5e84b53942e57c6e73878,ENABLED,,,,,,,
400,"Stephon Hackett","Stephon Hackett",pjsip,PJSIP/400,3da681396cc55f3e75255ae6b60a97f0,ENABLED,,,,,,,
401,"Corine Cormier","Corine Cormier",pjsip,PJSIP/401,f683b223aaa01d89863aefe80e8635bf,ENABLED,,,,,,,
402,"Carolina Volkman","Carolina Volkman",pjsip,PJSIP/402,884b7daaa09a2966473a8841951bb621,ENABLED,,,,,,,
403,"Rusty Hansen","Rusty Hansen",pjsip,PJSIP/403,8e4dff0401558bba4bf8fe529f59eea4,ENABLED,,,,,,,
404,"Gilbert Will","Gilbert Will",pjsip,PJSIP/404,801d49ce859caa936d0f268626184487,ENABLED,,,,,,,
405,"Rylan Braun","Rylan Braun",pjsip,PJSIP/405,3cddadf97a2390a4985d10ccd4247670,ENABLED,,,,,,,
406,"Khalil Gerlach","Khalil Gerlach",pjsip,PJSIP/406,9174d50a95e4c6eeb3c9fa9b3040ed05,ENABLED,,,,,,,
407,"Eulah Sipes","Eulah Sipes",pjsip,PJSIP/407,1b48f38495536d114c44b270f75861ad,ENABLED,,,,,,,
408,"Kaelyn Homenick","Kaelyn Homenick",pjsip,PJSIP/408,605d6c88e1305b04a5651b1a75400a1e,ENABLED,,,,,,,
409,"Evie Dietrich","Evie Dietrich",pjsip,PJSIP/409,fa0001adde94f26aaa12f7cc68b7cf65,ENABLED,,,,,,,
410,"Gisselle Lindgren","Gisselle Lindgren",pjsip,PJSIP/410,295ee5bcc583adb2ee6c6a9722ec3b21,ENABLED,,,,,,,
411,"Nelda Conn","Nelda Conn",pjsip,PJSIP/411,5eba57e41e3a677fe592b53b358acd0a,ENABLED,,,,,,,
412,"Celine Kulas","Celine Kulas",pjsip,PJSIP/412,18edcadd95c533a02dd98cbc79eaf544,ENABLED,,,,,,,
413,"Precious Ledner","Precious Ledner",pjsip,PJSIP/413,031296e2928e8eaf0175ae7852c0ade2,ENABLED,,,,,,,
414,"Arden Kunze","Arden Kunze",pjsip,PJSIP/414,13db401d1dd971b19cf10652c9720eae,ENABLED,,,,,,,
415,"Antoinette Fritsch","Antoinette Fritsch",pjsip,PJSIP/415,edf472e46ec5b7f3ca7af8fc63f2d864,ENABLED,,,,,,,
416,"Penelope Gutmann","Penelope Gutmann",pjsip,PJSIP/416,47d5adae74483df70c6d4bb15b42b6ba,ENABLED,,,,,,,
417,"Roberto Walter","Roberto Walter",pjsip,PJSIP/417,af796e8992c5d3aff5be87cd3b196131,ENABLED,,,,,,,
418,"Larissa Bauch","Larissa Bauch",pjsip,PJSIP/418,994ec0f817b08e2f2ab3aa7f8f03cdc7,ENABLED,,,,,,,
419,"Judah Zboncak","Judah Zboncak",pjsip,PJSIP/419,de963ef6f926b6031f11596704b9d3c1,ENABLED,,,,,,,
420,"Lindsay Huel","Lindsay Huel",pjsip,PJSIP/420,b4821296fb2cff54a71a45898bd566d1,ENABLED,,,,,,,
421,"Trycia Borer","Trycia Borer",pjsip,PJSIP/421,1fc4c8088eb4acb5cbe53d2375db55d9,ENABLED,,,,,,,
422,"Xander Runolfsson","Xander Runolfsson",pjsip,PJSIP/422,a51e7d5b8f520341452086b173724898,ENABLED,,,,,,,
423,"Percival Strosin","Percival Strosin",pjsip,PJSIP/423,65116ae6ac8cdf4d63893d372534c6d4,ENABLED,,,,,,,
424,"Georgette Nikolaus","Georgette Nikolaus",pjsip,PJSIP/424,42eb072e0af4abdb2251e1109907282b,ENABLED,,,,,,,
425,"Zachary Fisher","Zachary Fisher",pjsip,PJSIP/425,696f35760403f3f479859d16d9c00787,ENABLED,,,,,,,
426,"Verdie Ratke","Verdie Ratke",pjsip,PJSIP/426,bb0617fbcfd36c98d895b36611c5577c,ENABLED,,,,,,,
427,"Modesta Kuhn","Modesta Kuhn",pjsip,PJSIP/427,e4f4996a32e2a5f9d56c53437854a433,ENABLED,,,,,,,
428,"Aylin Kling","Aylin Kling",pjsip,PJSIP/428,937bb2b999c60124ec6bb67def872657,ENABLED,,,,,,,
429,"Rosalyn Graham","Rosalyn Graham",pjsip,PJSIP/429,e4464bde04727d660e2a54c24ceca48f,ENABLED,,,,,,,
430,"Ignatius Nicolas","Ignatius Nicolas",pjsip,PJSIP/430,cc331267fdf8f19b92fc031ecc36c57b,ENABLED,,,,,,,
431,"Dimitri Ortiz","Dimitri Ortiz",pjsip,PJSIP/431,da9d99470b58c402021b6593bf791ac0,ENABLED,,,,,,,
432,"Daron Blanda","Daron Blanda",pjsip,PJSIP/432,f6899c0fe373e928dde61eb904f40dd7,ENABLED,,,,,,,
433,"Alfonso Doyle","Alfonso Doyle",pjsip,PJSIP/433,6c69bd43f01af17830aae1ad48dd1cdd,ENABLED,,,,,,,
434,"Ethan Casper","Ethan Casper",pjsip,PJSIP/434,a661318a5977f0cf50dde702e6a7feb0,ENABLED,,,,,,,
435,"Charlotte Bergstrom","Charlotte Bergstrom",pjsip,PJSIP/435,01ad356a64c00debc2bc98126c7643cc,ENABLED,,,,,,,
436,"Nicole Farrell","Nicole Farrell",pjsip,PJSIP/436,20a7319751f037b7b13a0bf4ca32c7e3,ENABLED,,,,,,,
437,"Solon Kuhic","Solon Kuhic",pjsip,PJSIP/437,d08b0cbab169c1e7b86fa38e5cbb2444,ENABLED,,,,,,,
438,"Kailey Koch","Kailey Koch",pjsip,PJSIP/438,ac46020bed68fff3d5635c82ce416a44,ENABLED,,,,,,,
439,"Everette Steuber","Everette Steuber",pjsip,PJSIP/439,0ab1121d5256313c0badce792de9201e,ENABLED,,,,,,,
440,"Ashly Abshire","Ashly Abshire",pjsip,PJSIP/440,80743f4ee68c3414745f7c2f2417ee56,ENABLED,,,,,,,
441,"Delores Rau","Delores Rau",pjsip,PJSIP/441,9feee0204fadcd48dbcf2cd603a00c5a,ENABLED,,,,,,,
442,"Euna Kreiger","Euna Kreiger",pjsip,PJSIP/442,a016baa53fc17b37b33bc62de77017fd,ENABLED,,,,,,,
443,"Saul Hoeger","Saul Hoeger",pjsip,PJSIP/443,c239028b5192abf70199958a3379c82f,ENABLED,,,,,,,
444,"Alivia Ankunding","Alivia Ankunding",pjsip,PJSIP/444,6698d042122528762948cd53e2705cb9,ENABLED,,,,,,,
445,"Cory Runolfsson","Cory Runolfsson",pjsip,PJSIP/445,ee57c350c5d9ae54d93a4448f3fa57ff,ENABLED,,,,,,,
446,"Doris Labadie","Doris Labadie",pjsip,PJSIP/446,1c1d858f07807f5b2ecba09b356ac21a,ENABLED,,,,,,,
447,"Yolanda Friesen","Yolanda Friesen",pjsip,PJSIP/447,1c78b245649bec68cd20f75ea6ac3043,ENABLED,,,,,,,
448,"Eloisa Hickle","Eloisa Hickle",pjsip,PJSIP/448,7de66f63c84924e1673fc8be95c3140b,ENABLED,,,,,,,
449,"Jaden Kassulke","Jaden Kassulke",pjsip,PJSIP/449,4dee8d347d580c7d53f5808eba91c7f6,ENABLED,,,,,,,
450,"Shemar Rosenbaum","Shemar Rosenbaum",pjsip,PJSIP/450,26693241a64594e798025875ccadf69c,ENABLED,,,,,,,
451,"Marcelle Swift","Marcelle Swift",pjsip,PJSIP/451,074b13ac8485af26eeb9b67d971a5a95,ENABLED,,,,,,,
452,"Haleigh Terry","Haleigh Terry",pjsip,PJSIP/452,4beab1e4687de7b31cf512f26218839d,ENABLED,,,,,,,
453,"Leonor Runte","Leonor Runte",pjsip,PJSIP/453,191d14ede673fa8787c302726d9088fc,ENABLED,,,,,,,
454,"Rae Shanahan","Rae Shanahan",pjsip,PJSIP/454,b66567cd3ddd5a3d67d23da00a5e8217,ENABLED,,,,,,,
455,"Damian Witting","Damian Witting",pjsip,PJSIP/455,e7ff51bbd3ec5e04b630b598bac5c55d,ENABLED,,,,,,,
456,"Khalil Koss","Khalil Koss",pjsip,PJSIP/456,eeb833cdc7072ab80b4e333b8318fccb,ENABLED,,,,,,,
457,"Janie Murphy","Janie Murphy",pjsip,PJSIP/457,e0732b35f5e6d35802f173a326555273,ENABLED,,,,,,,
458,"Judah Marks","Judah Marks",pjsip,PJSIP/458,9e77246aacf162756cad0d6eccfd673e,ENABLED,,,,,,,
459,"Clifton Veum","Clifton Veum",pjsip,PJSIP/459,700372b4fa896596ac0e1adf9b8f3eb5,ENABLED,,,,,,,
460,"Adelbert Pouros","Adelbert Pouros",pjsip,PJSIP/460,644077e26e9a2f29e5473f308f65b57a,ENABLED,,,,,,,
461,"Margarete DuBuque","Margarete DuBuque",pjsip,PJSIP/461,a8daa0dd495c94cf7a05eaa2b8849125,ENABLED,,,,,,,
462,"Samara Spinka","Samara Spinka",pjsip,PJSIP/462,fa30bc719b3ea529faadbe11dcc5f78f,ENABLED,,,,,,,
463,"Will Cormier","Will Cormier",pjsip,PJSIP/463,e5b1f6847bfdf93cb3ff416628d8b6f6,ENABLED,,,,,,,
464,"Michelle Eichmann","Michelle Eichmann",pjsip,PJSIP/464,0941a81912492859806b7378be51ad3f,ENABLED,,,,,,,
465,"Cali Welch","Cali Welch",pjsip,PJSIP/465,d8c0f2b82213c94199e68758a0d5083c,ENABLED,,,,,,,
466,"Damion Klein","Damion Klein",pjsip,PJSIP/466,2af272979e6ffd51b2d8787cefd66b4e,ENABLED,,,,,,,
467,"Clifton Upton","Clifton Upton",pjsip,PJSIP/467,cd7a63663bb2d48411e7856b3f800df7,ENABLED,,,,,,,
468,"Joanie Corwin","Joanie Corwin",pjsip,PJSIP/468,e3d803ae789c8fa404f1f09e880e86a8,ENABLED,,,,,,,
469,"Adela Ullrich","Adela Ullrich",pjsip,PJSIP/469,5f40b155a5b6aa3ceb6b8b410d86444f,ENABLED,,,,,,,
470,"Nathan Brakus","Nathan Brakus",pjsip,PJSIP/470,0ca8ed9909f5f5d1a2607327718d6fb8,ENABLED,,,,,,,
471,"Osborne Legros","Osborne Legros",pjsip,PJSIP/471,306d49c673c551a04de270fdaae2bc10,ENABLED,,,,,,,
472,"Jaylen Moore","Jaylen Moore",pjsip,PJSIP/472,f7cdaf8d44e56d1d9c710c361282187c,ENABLED,,,,,,,
473,"Lowell Torphy","Lowell Torphy",pjsip,PJSIP/473,09b15ad250351c657a6c205f62b4c5ed,ENABLED,,,,,,,
474,"Laury Brakus","Laury Brakus",pjsip,PJSIP/474,333e57852925151675452eb6bc521a7b,ENABLED,,,,,,,
475,"Lela Huel","Lela Huel",pjsip,PJSIP/475,3859aefa4ff166669131e3a50ae108f8,ENABLED,,,,,,,
476,"Fiona Wolff","Fiona Wolff",pjsip,PJSIP/476,60fbbddef392b711bd5ba80ec7548cce,ENABLED,,,,,,,
477,"Madyson Emard","Madyson Emard",pjsip,PJSIP/477,d1a183a191d52bb483eddf42364be91a,ENABLED,,,,,,,
478,"Alyson Treutel","Alyson Treutel",pjsip,PJSIP/478,e61c3b1e2ba6281ca7a7a2abac96b5ed,ENABLED,,,,,,,
479,"Aliya Lakin","Aliya Lakin",pjsip,PJSIP/479,aa6a0a16b2d4a65a87d32220ab2187d3,ENABLED,,,,,,,
480,"Brook Hermiston","Brook Hermiston",pjsip,PJSIP/480,6b051027cb70866a239f664bfd95d91f,ENABLED,,,,,,,
481,"Elenor Klein","Elenor Klein",pjsip,PJSIP/481,b916e4e005c1bcc172639c23d8d58b40,ENABLED,,,,,,,
482,"Jude Smitham","Jude Smitham",pjsip,PJSIP/482,8166a630abaa92ab7476692a57902b72,ENABLED,,,,,,,
483,"Virginie Kautzer","Virginie Kautzer",pjsip,PJSIP/483,8980a1c5712baf76d0e2f4ae36a54615,ENABLED,,,,,,,
484,"Candida Armstrong","Candida Armstrong",pjsip,PJSIP/484,c6fbe6b9b02a70acbcd44cd55e7068f3,ENABLED,,,,,,,
485,"Haley Ernser","Haley Ernser",pjsip,PJSIP/485,9c891e04d702024fbb07c42eb455c2eb,ENABLED,,,,,,,
486,"Flossie Kuhlman","Flossie Kuhlman",pjsip,PJSIP/486,866bbd5ca6eb95cd0a4101b5b0df0284,ENABLED,,,,,,,
487,"Aleen Lockman","Aleen Lockman",pjsip,PJSIP/487,b59c823c2182bd65ec51da3bcc9833f8,ENABLED,,,,,,,
488,"Dovie Crona","Dovie Crona",pjsip,PJSIP/488,5afa5bf9e1c1fdce2f582fd3c89ce2f3,ENABLED,,,,,,,
489,"Virgil Metz","Virgil Metz",pjsip,PJSIP/489,1feb8987adeffb8c9ce070a07a8bf448,ENABLED,,,,,,,
490,"Precious Swift","Precious Swift",pjsip,PJSIP/490,0f49d4fbe79570fe7c1eb67e1e6a6882,ENABLED,,,,,,,
491,"Ofelia Welch","Ofelia Welch",pjsip,PJSIP/491,91dbac65e38e2905b6d163ea87b22c91,ENABLED,,,,,,,
492,"Kali Turner","Kali Turner",pjsip,PJSIP/492,cc2cc9a83c3e840dc353bb8d90713d94,ENABLED,,,,,,,
493,"Madelyn Grimes","Madelyn Grimes",pjsip,PJSIP/493,305d3ce1c1b3bc42c3924da696390211,ENABLED,,,,,,,
494,"Providenci Weimann","Providenci Weimann",pjsip,PJSIP/494,38adeacbb3ee6b0bcf1846837391863d,ENABLED,,,,,,,
495,"Karson Howe","Karson Howe",pjsip,PJSIP/495,198d3029a0b401115097f495df59ed78,ENABLED,,,,,,,
496,"Yasmeen Bogan","Yasmeen Bogan",pjsip,PJSIP/496,ab829beadd81958b11b0e7c7732fb2ea,ENABLED,,,,,,,
497,"Bianka Murray","Bianka Murray",pjsip,PJSIP/497,3b1144250cdc581dd8e4ae8bb6e8107c,ENABLED,,,,,,,
498,"Myra Cole","Myra Cole",pjsip,PJSIP/498,12a3df64bb7e0bdbdadd2eed0bde67f3,ENABLED,,,,,,,
499,"Francisca Lind","Francisca Lind",pjsip,PJSIP/499,71fa510b4d5da2ab508fde2b90afc2a7,ENABLED,,,,,,,
500,"Taylor Lubowitz","Taylor Lubowitz",pjsip,PJSIP/500,ab475ee60c61aece43ab181f0ddc186d,ENABLED,,,,,,,
501,"Anjali Feil","Anjali Feil",pjsip,PJSIP/501,9a294476416aa16f4f266399a7935bd9,ENABLED,,,,,,,
502,"Pedro Predovic","Pedro Predovic",pjsip,PJSIP/502,0a74c53837b9ee2e178d4cb38d87b268,ENABLED,,,,,,,
503,"Dora Mertz","Dora Mertz",pjsip,PJSIP/503,e36b504d8053db42fb1d3e5edb9e7c3a,ENABLED,,,,,,,
504,"Kathryn Boyle","Kathryn Boyle",pjsip,PJSIP/504,f34e9d1d7e4507be0860f13b0bf947dd,ENABLED,,,,,,,
505,"Dedric Runolfsson","Dedric Runolfsson",pjsip,PJSIP/505,22d1e30f0fa6d2d79c04fa98e6c32b83,ENABLED,,,,,,,
506,"Gussie Grant","Gussie Grant",pjsip,PJSIP/506,cec97f77c7a85feec3fb65f766896bc7,ENABLED,,,,,,,
507,"Reta Littel","Reta Littel",pjsip,PJSIP/507,f52975a5c9519e9b44a3e597b8730cce,ENABLED,,,,,,,
508,"Craig Fritsch","Craig Fritsch",pjsip,PJSIP/508,a9d355ad4166357d929b81449000b0c0,ENABLED,,,,,,,
509,"Pedro Douglas","Pedro Douglas",pjsip,PJSIP/509,01d6ee6aa2e50162deed098001146c21,ENABLED,,,,,,,
510,"Orrin Wilkinson","Orrin Wilkinson",pjsip,PJSIP/510,c34e497565346b529eabe6e0dc58020f,ENABLED,,,,,,,
511,"Gabrielle Harber","Gabrielle Harber",pjsip,PJSIP/511,5099f7832c5321c297f819ec81d6f734,ENABLED,,,,,,,
512,"Jermey Hoeger","Jermey Hoeger",pjsip,PJSIP/512,83f93d425719e24199a3932d380f916d,ENABLED,,,,,,,
513,"Heath Wolf","Heath Wolf",pjsip,PJSIP/513,e33c6faa9d8f1973c9e55c1b86b4693e,ENABLED,,,,,,,
514,"Brielle Cronin","Brielle Cronin",pjsip,PJSIP/514,aa73f1df0fa40a2abe48edd40cafd110,ENABLED,,,,,,,
515,"Max Towne","Max Towne",pjsip,PJSIP/515,6dc98f6f0d4c37a0c889988b6512a324,ENABLED,,,,,,,
516,"Tyrique VonRueden","Tyrique VonRueden",pjsip,PJSIP/516,85b0340155fa38e03f9f20e9d13064c8,ENABLED,,,,,,,
517,"Anthony Klein","Anthony Klein",pjsip,PJSIP/517,02858742f5f8fe773f57a3664391cbbc,ENABLED,,,,,,,
518,"Avis Rau","Avis Rau",pjsip,PJSIP/518,f0b4aab00115e54249f819a8915fb93f,ENABLED,,,,,,,
519,"Joyce Aufderhar","Joyce Aufderhar",pjsip,PJSIP/519,9e1074b1ce6e6df8925f63825aff7a4e,ENABLED,,,,,,,
520,"Madelyn Abernathy","Madelyn Abernathy",pjsip,PJSIP/520,a56139ebd19c79a83ccc940e269312ca,ENABLED,,,,,,,
521,"Cullen Zemlak","Cullen Zemlak",pjsip,PJSIP/521,a97980c535289dc1c39acd56edf2fb38,ENABLED,,,,,,,
522,"Arthur Nader","Arthur Nader",pjsip,PJSIP/522,913060212c0d2b95e07944c96523b781,ENABLED,,,,,,,
523,"Nova Casper","Nova Casper",pjsip,PJSIP/523,872618ec35b600f73d00f5e70ae28b58,ENABLED,,,,,,,
524,"Jaycee Kunze","Jaycee Kunze",pjsip,PJSIP/524,8433cf4a4b822a8b2024b617324a115b,ENABLED,,,,,,,
525,"Allison Braun","Allison Braun",pjsip,PJSIP/525,7efcad9c1cebed3d318dee7d23067f01,ENABLED,,,,,,,
526,"Magdalen Schamberger","Magdalen Schamberger",pjsip,PJSIP/526,929c04f9c0962a319ae54e0b6cd6c6a6,ENABLED,,,,,,,
527,"Fatima Skiles","Fatima Skiles",pjsip,PJSIP/527,fa156982e0f0e532e3d4c51c81e0b8fa,ENABLED,,,,,,,
528,"Brady O'Keefe","Brady O'Keefe",pjsip,PJSIP/528,ad424ccc1d17ed4007a620b3a8a93d9b,ENABLED,,,,,,,
529,"Roy Jaskolski","Roy Jaskolski",pjsip,PJSIP/529,b82c7c4793f4e2bb0fb71962496878d7,ENABLED,,,,,,,
530,"Hayden Zulauf","Hayden Zulauf",pjsip,PJSIP/530,616ea426fd236af9fa0986e055f5f627,ENABLED,,,,,,,
531,"Nikki Monahan","Nikki Monahan",pjsip,PJSIP/531,7e88c5765b679134847dc0e0f8500b4d,ENABLED,,,,,,,
532,"Javon Doyle","Javon Doyle",pjsip,PJSIP/532,1bc53eeede83e4161bb7ad7eaa3ae6f3,ENABLED,,,,,,,
533,"Shayna Mitchell","Shayna Mitchell",pjsip,PJSIP/533,59a3bc2a5fe4ad7fe6bd28b5d9707262,ENABLED,,,,,,,
534,"Johnathan Moore","Johnathan Moore",pjsip,PJSIP/534,8dbdfa4e426e8d3d02b01bbff85bde17,ENABLED,,,,,,,
535,"Alvera Schiller","Alvera Schiller",pjsip,PJSIP/535,2576405003c4a3b53319a8023de68876,ENABLED,,,,,,,
536,"Rolando Collins","Rolando Collins",pjsip,PJSIP/536,e475ef986c5fee52dc7240e556932d0b,ENABLED,,,,,,,
537,"Sigurd Rodriguez","Sigurd Rodriguez",pjsip,PJSIP/537,100578ed28ddb3ca1b63f9ba47a7a763,ENABLED,,,,,,,
538,"Mariah Kub","Mariah Kub",pjsip,PJSIP/538,3dbdf27522888299e0ea229c738dc761,ENABLED,,,,,,,
539,"Leone McKenzie","Leone McKenzie",pjsip,PJSIP/539,f20a6386843f9381aaeac8e26adde070,ENABLED,,,,,,,
540,"Tina Kertzmann","Tina Kertzmann",pjsip,PJSIP/540,4c0de5c070003c895a0a5cdf2f7f8637,ENABLED,,,,,,,
541,"Krystina Wilkinson","Krystina Wilkinson",pjsip,PJSIP/541,b8160cedf9289f5f0aa3ee47231b99f3,ENABLED,,,,,,,
542,"Justine Rodriguez","Justine Rodriguez",pjsip,PJSIP/542,66b0c0b53796e9af830164f9b01b8b7a,ENABLED,,,,,,,
543,"Ruthie Maggio","Ruthie Maggio",pjsip,PJSIP/543,193a281a32e1e2c5661ad3fc1e3f90c9,ENABLED,,,,,,,
544,"Ari Mante","Ari Mante",pjsip,PJSIP/544,f651c4fd54030d965c86d8b5a2cdd772,ENABLED,,,,,,,
545,"Edna Stoltenberg","Edna Stoltenberg",pjsip,PJSIP/545,dac1108aa37cc65758de119845d2fd2c,ENABLED,,,,,,,
546,"Rosalee Kshlerin","Rosalee Kshlerin",pjsip,PJSIP/546,c75f1904bd24764194cb794b74eaf5cb,ENABLED,,,,,,,
547,"Devon Lakin","Devon Lakin",pjsip,PJSIP/547,8c9157ab722b9d318eb3bc1f77b576c7,ENABLED,,,,,,,
548,"Lavada Botsford","Lavada Botsford",pjsip,PJSIP/548,0d584639db429d7f2fb5aa45e106998e,ENABLED,,,,,,,
549,"Muriel Denesik","Muriel Denesik",pjsip,PJSIP/549,7adf40747d2206ff4e131cf9c79a19e9,ENABLED,,,,,,,
550,"Joany Smith","Joany Smith",pjsip,PJSIP/550,d40b3fb6bee7b3946935510296284b25,ENABLED,,,,,,,
551,"Damaris Heller","Damaris Heller",pjsip,PJSIP/551,dfc926e44ef25565b7064af3ef8420d6,ENABLED,,,,,,,
552,"Assunta Marks","Assunta Marks",pjsip,PJSIP/552,3bfaea1453c2ae72f5679423dece3c3f,ENABLED,,,,,,,
553,"Adele Hyatt","Adele Hyatt",pjsip,PJSIP/553,4bc03318a1aba8364b98c5683a654296,ENABLED,,,,,,,
554,"Terrill Nader","Terrill Nader",pjsip,PJSIP/554,cdb4ea065c7b045d329763e1c108aebb,ENABLED,,,,,,,
555,"Amara Cole","Amara Cole",pjsip,PJSIP/555,801f5e7aa0826f7f908984716032a206,ENABLED,,,,,,,
556,"Cleve Ratke","Cleve Ratke",pjsip,PJSIP/556,beb90f6e58ee1e4913f5dbab5f7b7cd3,ENABLED,,,,,,,
557,"Cali Ritchie","Cali Ritchie",pjsip,PJSIP/557,9ae1668deaf655c0d27f7ba59c4be37f,ENABLED,,,,,,,
558,"Chasity Carroll","Chasity Carroll",pjsip,PJSIP/558,bda234a6eccf77c04186ea4b425b6450,ENABLED,,,,,,,
559,"Horacio Kassulke","Horacio Kassulke",pjsip,PJSIP/559,29e26f1dd8b02b247d56b35dd17c46a7,ENABLED,,,,,,,
560,"Demarcus Balistreri","Demarcus Balistreri",pjsip,PJSIP/560,840ac44eb5a11f74e6b7fde24a0c03a0,ENABLED,,,,,,,
561,"Charlie Botsford","Charlie Botsford",pjsip,PJSIP/561,844cee20175dcecaa045133c2629e5cd,ENABLED,,,,,,,
562,"Sienna Moore","Sienna Moore",pjsip,PJSIP/562,8c61be4a92e3d3ac79c869d27ad54fc0,ENABLED,,,,,,,
563,"Cheyenne Cruickshank","Cheyenne Cruickshank",pjsip,PJSIP/563,c21395f9dbc0ed0e15dc63782d3ac32d,ENABLED,,,,,,,
564,"Christopher Metz","Christopher Metz",pjsip,PJSIP/564,57bea2e4b5962548383bc5b3ad02c98f,ENABLED,,,,,,,
565,"Gloria Dickens","Gloria Dickens",pjsip,PJSIP/565,5fcc52e45790d03c1f4aa604c4c9b884,ENABLED,,,,,,,
566,"Clarissa O'Keefe","Clarissa O'Keefe",pjsip,PJSIP/566,64c6604b81f4ea78dba1bd455c2e7e0d,ENABLED,,,,,,,
567,"Durward Goyette","Durward Goyette",pjsip,PJSIP/567,1722e55e2a08d99c8a267fa22c74269a,ENABLED,,,,,,,
568,"Gracie Smith","Gracie Smith",pjsip,PJSIP/568,53e46c7b34fe5a1683552d97c6bec0fc,ENABLED,,,,,,,
569,"Cheyenne Moore","Cheyenne Moore",pjsip,PJSIP/569,8c8e96a887cf9f3ef862ebd8e68262c4,ENABLED,,,,,,,
570,"Anais Raynor","Anais Raynor",pjsip,PJSIP/570,9678b898b28a83f57d8964fd760f547e,ENABLED,,,,,,,
571,"Myles Klocko","Myles Klocko",pjsip,PJSIP/571,aaa237e013adeeb07106e6a1966a3496,ENABLED,,,,,,,
572,"Aurelia Nitzsche","Aurelia Nitzsche",pjsip,PJSIP/572,ee0b29b032842a90663f61bd7df590b5,ENABLED,,,,,,,
573,"Talon Johnston","Talon Johnston",pjsip,PJSIP/573,0e3d1bbdd9a93c7085ab14f8be2dc0eb,ENABLED,,,,,,,
574,"Lucinda Daniel","Lucinda Daniel",pjsip,PJSIP/574,1852b1c4e1691fecc0f6f4858212ae85,ENABLED,,,,,,,
575,"Walter Rolfson","Walter Rolfson",pjsip,PJSIP/575,b0163782d6cfc61a9cd26b88043d5ce3,ENABLED,,,,,,,
576,"Anne Flatley","Anne Flatley",pjsip,PJSIP/576,6409e0b92c53934238d2e28c73d1a4b4,ENABLED,,,,,,,
577,"Rodger Kunze","Rodger Kunze",pjsip,PJSIP/577,28afbe68d47e65161743ded4ef1af1ca,ENABLED,,,,,,,
578,"Winston Hintz","Winston Hintz",pjsip,PJSIP/578,d993dd7b9c2af2e0cf58ca7a518d1abd,ENABLED,,,,,,,
579,"Hellen Adams","Hellen Adams",pjsip,PJSIP/579,99604831fd759d0b5432cf43ccbd307e,ENABLED,,,,,,,
580,"Amie Connelly","Amie Connelly",pjsip,PJSIP/580,0fe2a43468ff9950a335e16ae9358c40,ENABLED,,,,,,,
581,"Schuyler Kilback","Schuyler Kilback",pjsip,PJSIP/581,df5319f2534114e803c85a7d4ace59f3,ENABLED,,,,,,,
582,"Mack Kovacek","Mack Kovacek",pjsip,PJSIP/582,2a2ba9389f258411cd82013bac3ba10d,ENABLED,,,,,,,
583,"Dulce Sporer","Dulce Sporer",pjsip,PJSIP/583,3b1072b60ad46b3d182ea861e0c83aac,ENABLED,,,,,,,
584,"Fleta Boehm","Fleta Boehm",pjsip,PJSIP/584,0ec50951f0ff21277814869ab4a00fca,ENABLED,,,,,,,
585,"Aglae Reilly","Aglae Reilly",pjsip,PJSIP/585,8901497d206f09467f2fcee7f0844f28,ENABLED,,,,,,,
586,"Shirley Schaden","Shirley Schaden",pjsip,PJSIP/586,ebe1c3a935dcad17511e271e48fc1a47,ENABLED,,,,,,,
587,"Eloy Wunsch","Eloy Wunsch",pjsip,PJSIP/587,0a6ed3006fa6375be7cad63c5199b4f5,ENABLED,,,,,,,
588,"Kenyatta Jacobs","Kenyatta Jacobs",pjsip,PJSIP/588,ba3a7ff386fa300582684dea1c3110cc,ENABLED,,,,,,,
589,"Jermey Mills","Jermey Mills",pjsip,PJSIP/589,b2d4d4c8f14b6ab5459eb09c7677bf84,ENABLED,,,,,,,
590,"Edgar Cummerata","Edgar Cummerata",pjsip,PJSIP/590,78a4d03b91ff4a64c327cbc11dfe5491,ENABLED,,,,,,,
591,"Dayana Mohr","Dayana Mohr",pjsip,PJSIP/591,b049efdeefd6b5f3a205d6b1c4b47922,ENABLED,,,,,,,
592,"Kennedy Kuhlman","Kennedy Kuhlman",pjsip,PJSIP/592,24f69a739cce223be0b0951adf92ab06,ENABLED,,,,,,,
593,"Tyrell Marquardt","Tyrell Marquardt",pjsip,PJSIP/593,cfdecceb809f1568331b9e2de4ea8d7c,ENABLED,,,,,,,
594,"Nasir Wiza","Nasir Wiza",pjsip,PJSIP/594,b609ada4a83e2b27b29292a5dd3574b0,ENABLED,,,,,,,
595,"Collin Lebsack","Collin Lebsack",pjsip,PJSIP/595,4dc82443b8db538c186ff7ae360fb636,ENABLED,,,,,,,
596,"Bonita Collins","Bonita Collins",pjsip,PJSIP/596,aa5b59107d0744433306abccc86094bc,ENABLED,,,,,,,
597,"Magdalen Mills","Magdalen Mills",pjsip,PJSIP/597,8206108fb3d42d5f7ee81fb1786f0302,ENABLED,,,,,,,
598,"Kaylah Barton","Kaylah Barton",pjsip,PJSIP/598,1a44102743156722eb4d8b5175f91d51,ENABLED,,,,,,,
599,"Trinity Hirthe","Trinity Hirthe",pjsip,PJSIP/599,d83d3b272c031098add3755efc0ad347,ENABLED,,,,,,,
600,"Amy Schulist","Amy Schulist",pjsip,PJSIP/600,d364d29f688581e154c165e0989271f1,ENABLED,,,,,,,
601,"Loraine Boyer","Loraine Boyer",pjsip,PJSIP/601,5baeaff1ec69263d5473f32ad7d25c49,ENABLED,,,,,,,
602,"Elwyn Wolff","Elwyn Wolff",pjsip,PJSIP/602,7cb9603f05af33fa4496cbd77cd71f1e,ENABLED,,,,,,,
603,"Jacquelyn Welch","Jacquelyn Welch",pjsip,PJSIP/603,03bf6b16be16ba7ffff95083f56ac105,ENABLED,,,,,,,
604,"Alvis Monahan","Alvis Monahan",pjsip,PJSIP/604,d763bf829fdfe76653dc5d4cc579d0c6,ENABLED,,,,,,,
605,"Virgie Crist","Virgie Crist",pjsip,PJSIP/605,36987aa601db145f594be97fba1e4b86,ENABLED,,,,,,,
606,"Julien Corwin","Julien Corwin",pjsip,PJSIP/606,6724201daa048c469d1012cd49ffb977,ENABLED,,,,,,,
607,"Spencer Jacobson","Spencer Jacobson",pjsip,PJSIP/607,e491f366bdfd2419ee38aae5615a1b8d,ENABLED,,,,,,,
608,"Milton Bayer","Milton Bayer",pjsip,PJSIP/608,becdcb9395ba44f3ccfd850cf581f87e,ENABLED,,,,,,,
609,"Maude Cronin","Maude Cronin",pjsip,PJSIP/609,e4255f3a89d3accc6ada37245c2d8092,ENABLED,,,,,,,
610,"Rasheed Boyle","Rasheed Boyle",pjsip,PJSIP/610,e070941fbea0e214c250b2554aca72f1,ENABLED,,,,,,,
611,"Marilou Dach","Marilou Dach",pjsip,PJSIP/611,e3c12eb83ef60b7723c5d03fe082880d,ENABLED,,,,,,,
612,"Raphaelle Schimmel","Raphaelle Schimmel",pjsip,PJSIP/612,c059a55f55e5216759caeae55bd63a02,ENABLED,,,,,,,
613,"Gregg Spinka","Gregg Spinka",pjsip,PJSIP/613,39d2925cdf8be86293cc1f956bfed12a,ENABLED,,,,,,,
614,"Myah Hoppe","Myah Hoppe",pjsip,PJSIP/614,c441a9756366dba753055df532ea9202,ENABLED,,,,,,,
615,"Trudie Jacobs","Trudie Jacobs",pjsip,PJSIP/615,049f1e93e9e1a6d746c305d07340c62d,ENABLED,,,,,,,
616,"Orrin Jenkins","Orrin Jenkins",pjsip,PJSIP/616,82ed46348c90e644937f1c3c0640717e,ENABLED,,,,,,,
617,"Ebba Bernier","Ebba Bernier",pjsip,PJSIP/617,707d80732d539027fd0a4df97aaf7137,ENABLED,,,,,,,
618,"Matt Wisoky","Matt Wisoky",pjsip,PJSIP/618,cb1e56df4974f6a054685616efc64f70,ENABLED,,,,,,,
619,"Ariane Rath","Ariane Rath",pjsip,PJSIP/619,2c6579e9c309ea8f84789f44a9bdeef0,ENABLED,,,,,,,
620,"Samantha Shanahan","Samantha Shanahan",pjsip,PJSIP/620,19a70d15cf7b6a42e3b994638d3642bb,ENABLED,,,,,,,
621,"Blaze Jacobs","Blaze Jacobs",pjsip,PJSIP/621,baad4a6a8d539eeb3c26228978a9b670,ENABLED,,,,,,,
622,"Herbert Smith","Herbert Smith",pjsip,PJSIP/622,b665010d6c144e5f08b60d4cc1378095,ENABLED,,,,,,,
623,"Stacey Shields","Stacey Shields",pjsip,PJSIP/623,62b8ac3a317d5259171443eb565bc339,ENABLED,,,,,,,
624,"Dereck Oberbrunner","Dereck Oberbrunner",pjsip,PJSIP/624,de4db925af3f43475a5aa76987f50664,ENABLED,,,,,,,
625,"Bernice Schneider","Bernice Schneider",pjsip,PJSIP/625,44d60b878848541e91da2a0be1c8e0b2,ENABLED,,,,,,,
626,"Jamey Abshire","Jamey Abshire",pjsip,PJSIP/626,71c2ce8802374fde750b5c01f82dfdae,ENABLED,,,,,,,
627,"Myrtle Cole","Myrtle Cole",pjsip,PJSIP/627,fc6a26b0d6de5bf2390eb5fe3e6a765e,ENABLED,,,,,,,
628,"Garry Hickle","Garry Hickle",pjsip,PJSIP/628,9cd3cf6ca003bb8b8fa7bdb2a928d6b5,ENABLED,,,,,,,
629,"Kyle Torp","Kyle Torp",pjsip,PJSIP/629,df5b15828cf2d5e7f61bedc55f46a2f0,ENABLED,,,,,,,
630,"Jeramie Walsh","Jeramie Walsh",pjsip,PJSIP/630,f35c5118125b60c32553b933e35203ce,ENABLED,,,,,,,
631,"Malvina Koss","Malvina Koss",pjsip,PJSIP/631,8907d93d645c3315c2f446930aba390d,ENABLED,,,,,,,
632,"Estel Kuvalis","Estel Kuvalis",pjsip,PJSIP/632,29ba2865009262bcf66c7134f61ada03,ENABLED,,,,,,,
633,"Bobby Davis","Bobby Davis",pjsip,PJSIP/633,7a0cdbac4df3ea979d90750a8db606ff,ENABLED,,,,,,,
634,"Marietta Herman","Marietta Herman",pjsip,PJSIP/634,5f11823d167c2161dabccd58d74ae140,ENABLED,,,,,,,
635,"Barton Gislason","Barton Gislason",pjsip,PJSIP/635,2afaf20fc5d2d59c18037bca9101a39d,ENABLED,,,,,,,
636,"Maudie Schmidt","Maudie Schmidt",pjsip,PJSIP/636,74cc1ae25566d7678827beb9aef53fb4,ENABLED,,,,,,,
637,"Joe Torphy","Joe Torphy",pjsip,PJSIP/637,2cc948a24f6683248b9443636fc329ab,ENABLED,,,,,,,
638,"Ashleigh Dach","Ashleigh Dach",pjsip,PJSIP/638,b00d104058b406a5e7334259d2ac4deb,ENABLED,,,,,,,
639,"Carolyn Hayes","Carolyn Hayes",pjsip,PJSIP/639,6a8c415c8566d141d22a6fcdb2ad981e,ENABLED,,,,,,,
640,"Lavina Goldner","Lavina Goldner",pjsip,PJSIP/640,b20b01339b2a45a570b35302f75004c8,ENABLED,,,,,,,
641,"Marlen Bechtelar","Marlen Bechtelar",pjsip,PJSIP/641,bb47269aa779efa0eecf57ac1bbb6181,ENABLED,,,,,,,
642,"Eldridge Schmeler","Eldridge Schmeler",pjsip,PJSIP/642,04b89977e80af1539dcf1bc54578ae05,ENABLED,,,,,,,
643,"Kirstin Dach","Kirstin Dach",pjsip,PJSIP/643,91140435689bdfd98ba8270404cdd0d3,ENABLED,,,,,,,
644,"Lyric Kihn","Lyric Kihn",pjsip,PJSIP/644,78a7f8ac1a86435d3718fc22be5ac979,ENABLED,,,,,,,
645,"Mittie Wilkinson","Mittie Wilkinson",pjsip,PJSIP/645,621038c0259869c87f07b4204e4fad6d,ENABLED,,,,,,,
646,"Domenick Lesch","Domenick Lesch",pjsip,PJSIP/646,decec23e316b6394c5e18a5e56fbef0e,ENABLED,,,,,,,
647,"Gordon Walsh","Gordon Walsh",pjsip,PJSIP/647,940b5b8270998b0dbc0a4839c7e24dbc,ENABLED,,,,,,,
648,"Candido McDermott","Candido McDermott",pjsip,PJSIP/648,fce13e21e74e265a96517c374681f66d,ENABLED,,,,,,,
649,"Ida Grimes","Ida Grimes",pjsip,PJSIP/649,f133ca048e2a25ae32d521e66e44fdc2,ENABLED,,,,,,,
650,"Reba Lakin","Reba Lakin",pjsip,PJSIP/650,e21ef1f7f0e1c477f7d37cafff96ecbf,ENABLED,,,,,,,
651,"Amara Gorczany","Amara Gorczany",pjsip,PJSIP/651,195f814ccfd6d6904a8fc751a54e8749,ENABLED,,,,,,,
652,"Pearline Osinski","Pearline Osinski",pjsip,PJSIP/652,a53d7d51eea21d6385a320ff1c7db197,ENABLED,,,,,,,
653,"Hipolito Spencer","Hipolito Spencer",pjsip,PJSIP/653,e32b1962ecb4fbf547cf87dbe33f01fe,ENABLED,,,,,,,
654,"Leopoldo O'Reilly","Leopoldo O'Reilly",pjsip,PJSIP/654,57882924659e6029e66595defc12dc54,ENABLED,,,,,,,
655,"Clifton Deckow","Clifton Deckow",pjsip,PJSIP/655,b952a50905113793ff6efa984bb11ee0,ENABLED,,,,,,,
656,"Tevin Dickens","Tevin Dickens",pjsip,PJSIP/656,e5b51f234cecb8623a81b8432a97f4d6,ENABLED,,,,,,,
657,"Albert Lehner","Albert Lehner",pjsip,PJSIP/657,382c3b2fbcd0102a036f60901076cd3e,ENABLED,,,,,,,
658,"Daphne Emard","Daphne Emard",pjsip,PJSIP/658,b9f6e2e983103cd8db0c521145bc84e2,ENABLED,,,,,,,
659,"Braeden Barton","Braeden Barton",pjsip,PJSIP/659,70fced7ea5eb0f9cf651f20128b09372,ENABLED,,,,,,,
660,"Leilani Schumm","Leilani Schumm",pjsip,PJSIP/660,e6d431257b8360640add2df0d9f07668,ENABLED,,,,,,,
661,"Beaulah Halvorson","Beaulah Halvorson",pjsip,PJSIP/661,e1999b7897fe8aa7039f94ce9359bd2b,ENABLED,,,,,,,
662,"Heaven Torphy","Heaven Torphy",pjsip,PJSIP/662,14caa685fb7a7fabaefef864549e06ab,ENABLED,,,,,,,
663,"Gudrun Rolfson","Gudrun Rolfson",pjsip,PJSIP/663,62e659740922bef749439aef2a881669,ENABLED,,,,,,,
664,"Major Strosin","Major Strosin",pjsip,PJSIP/664,2ead69347a4df63a825af9f515db901d,ENABLED,,,,,,,
665,"Stuart Denesik","Stuart Denesik",pjsip,PJSIP/665,48d7ff25d19e8bb3baae9b1caa1b28a4,ENABLED,,,,,,,
666,"Mossie Hahn","Mossie Hahn",pjsip,PJSIP/666,9e656e3236cee2476954a77dcf7a9c5d,ENABLED,,,,,,,
667,"Giovanna Schoen","Giovanna Schoen",pjsip,PJSIP/667,eaa16f292e8ac937553b819b22c8c1fb,ENABLED,,,,,,,
668,"Fausto Turner","Fausto Turner",pjsip,PJSIP/668,6b98ded0d3c557779802135f51628b7a,ENABLED,,,,,,,
669,"Reanna Torp","Reanna Torp",pjsip,PJSIP/669,65e061ecabfc32b1acc7a2d541ee3f1c,ENABLED,,,,,,,
670,"Brant Gutkowski","Brant Gutkowski",pjsip,PJSIP/670,d627f2a321e6a98af5bf4481c12b16d2,ENABLED,,,,,,,
671,"Anastasia Gorczany","Anastasia Gorczany",pjsip,PJSIP/671,e9f46337fdd4580aede230e3a2091cbb,ENABLED,,,,,,,
672,"Moses Bogisich","Moses Bogisich",pjsip,PJSIP/672,443e93dccb05f30c17a36e924ab7bad4,ENABLED,,,,,,,
673,"David Stroman","David Stroman",pjsip,PJSIP/673,c2a0c78046a97980f5c347e64e47e6cb,ENABLED,,,,,,,
674,"Delphine Lindgren","Delphine Lindgren",pjsip,PJSIP/674,84bf8a73799ff59565b6d7fecd608c1c,ENABLED,,,,,,,
675,"Gabe Graham","Gabe Graham",pjsip,PJSIP/675,7ef2c8d49f3a145ccd251b13041c0bc1,ENABLED,,,,,,,
676,"Octavia Nolan","Octavia Nolan",pjsip,PJSIP/676,e726d8ff14160a371f6360b67a6aabc4,ENABLED,,,,,,,
677,"Alyson Aufderhar","Alyson Aufderhar",pjsip,PJSIP/677,b60c9aabd879d8940286d5683e14b341,ENABLED,,,,,,,
678,"Adan Sauer","Adan Sauer",pjsip,PJSIP/678,0ed8f4454ba0066670de50c0d3044f06,ENABLED,,,,,,,
679,"Raina Hintz","Raina Hintz",pjsip,PJSIP/679,232f9683f95683925831e1e57041e78f,ENABLED,,,,,,,
680,"Rocio Howell","Rocio Howell",pjsip,PJSIP/680,657f4b7bdfd40d5b58d73e235e3df6f8,ENABLED,,,,,,,
681,"Cecilia Lowe","Cecilia Lowe",pjsip,PJSIP/681,9738a960c175be874e6001074f638938,ENABLED,,,,,,,
682,"Horacio McClure","Horacio McClure",pjsip,PJSIP/682,9699c84f99d920d0509fb51661dbfb57,ENABLED,,,,,,,
683,"Minnie Gibson","Minnie Gibson",pjsip,PJSIP/683,6f6b0fda89abeaf735586226e92aaa79,ENABLED,,,,,,,
684,"Rasheed Kemmer","Rasheed Kemmer",pjsip,PJSIP/684,9ed74208fea1b71ad8273ac31e98a5b9,ENABLED,,,,,,,
685,"Karlie Berge","Karlie Berge",pjsip,PJSIP/685,e6bd33be26bb5a48dc1501300d153eef,ENABLED,,,,,,,
686,"Vivianne Schulist","Vivianne Schulist",pjsip,PJSIP/686,612936353eccdbe3dfda73586d5a9192,ENABLED,,,,,,,
687,"Issac Crooks","Issac Crooks",pjsip,PJSIP/687,a0fea15a6e179805bfcbd119a9293d98,ENABLED,,,,,,,
688,"Oda Muller","Oda Muller",pjsip,PJSIP/688,4de9d70675699c8bf72527077cb30d75,ENABLED,,,,,,,
689,"Luisa Jast","Luisa Jast",pjsip,PJSIP/689,d87f55d1050de71a3588ab464f5a1899,ENABLED,,,,,,,
690,"Lizeth Nolan","Lizeth Nolan",pjsip,PJSIP/690,45ecc90172e44621acd6912dae013d70,ENABLED,,,,,,,
691,"Calista Schumm","Calista Schumm",pjsip,PJSIP/691,d9e70f690d65d5af8946f23f749c32f7,ENABLED,,,,,,,
692,"Annie Hyatt","Annie Hyatt",pjsip,PJSIP/692,2f3f9f09d88055d62f088ee7cd479db6,ENABLED,,,,,,,
693,"Ella Romaguera","Ella Romaguera",pjsip,PJSIP/693,ee4d947c36cf7ad8672a90f26209237c,ENABLED,,,,,,,
694,"Bert Murazik","Bert Murazik",pjsip,PJSIP/694,7eb2fcb6d1f66fefa1a4223c56271ec0,ENABLED,,,,,,,
695,"Xander Sporer","Xander Sporer",pjsip,PJSIP/695,f7302f1d8c2cff5bd711e264c9685610,ENABLED,,,,,,,
696,"Carli Emmerich","Carli Emmerich",pjsip,PJSIP/696,37e7ffb31dd8f81c54b6aee5113c1de3,ENABLED,,,,,,,
697,"Stephanie Lakin","Stephanie Lakin",pjsip,PJSIP/697,50345e99486173b981c19b18910110a7,ENABLED,,,,,,,
698,"Raheem Gleichner","Raheem Gleichner",pjsip,PJSIP/698,d2a513043c8118ab19d3ec6b2680d144,ENABLED,,,,,,,
699,"Edyth Smitham","Edyth Smitham",pjsip,PJSIP/699,93b99c86283bc92b27094a82d7043a0e,ENABLED,,,,,,,
700,"River Kemmer","River Kemmer",pjsip,PJSIP/700,0933e4d3af10a9132584c467bd0bc7cd,ENABLED,,,,,,,
